Workbook

Sheet Anleitung
A1: Bürobelegungsplaner 2026 – Anleitung
A3: So funktioniert der Planer:
A4: 1. Trage die Namen deiner Mitarbeitenden EINMALIG im Tab 'Jahresübersicht' (Spalte 'Mitarbeiter') ein.
A5: Die Namen erscheinen dann automatisch in allen 12 Monats-Tabs.
A6: 2. Öffne den jeweiligen Monats-Tab (Januar–Dezember).
A7: 3. Klicke in die Zelle beim passenden Tag und wähle aus dem Dropdown den Status aus.
A8: 4. Die Zelle färbt sich automatisch passend ein.
A10: Status-Legende (Auswahl per Dropdown):
A11: Büro | B11: Mitarbeiter/in ist an diesem Tag im Büro anwesend.
A12: Homeoffice | B12: Mitarbeiter/in arbeitet an diesem Tag von zu Hause.
A13: Krank | B13: Mitarbeiter/in ist krankgemeldet.
A14: Urlaub | B14: Mitarbeiter/in ist im Urlaub / abwesend.
A16: Beispiel (so sieht ein ausgefüllter Tag aus):
A17: Datum | B17: Wochentag | C17: Anna | D17: Ben | E17: Clara
A18: Mo, 05.01.2026 | B18: Montag | C18: Büro | D18: Homeoffice | E18: Krank
A20: Hinweis: Wochenenden sind grau, bundesweite Feiertage 2026 sind orange hinterlegt (regionale Feiertage sind nicht berücksichtigt).
A21: Die Spalte 'Im Büro (Anzahl)' zählt automatisch, wie viele Personen an dem Tag im Büro sind.

Sheet Jahresübersicht
A1: Jahresübersicht 2026
A2: Namen hier eintragen (blau) – sie erscheinen automatisch in allen Monats-Tabs. Summen rechts berechnen sich automatisch.
A3: Mitarbeiter | B3: Büro | C3: Homeoffice | D3: Krank | E3: Urlaub | F3: Erfasst gesamt
A4: Anna Beispiel | B4: =COUNTIF('Januar 2026'!C$5:C$35,"Büro")+COUNTIF('Februar 2026'!C$5:C$32,"Büro")+COUNTIF('März 2026'!C$5:C$35,"Büro")+COUNTIF('April 2026'!C$5:C$34,"Büro")+COUNTIF('Mai 2026'!C$5:C$35,"Büro")+COUNTIF('Juni 2026'!C$5:C$34,"Büro")+COUNTIF('Juli 2026'!C$5:C$35,"Büro")+COUNTIF('August 2026'!C$5:C$35,"Büro")+COUNTIF('September 2026'!C$5:C$34,"Büro")+COUNTIF('Oktober 2026'!C$5:C$35,"Büro")+COUNTIF('November 2026'!C$5:C$34,"Büro")+COUNTIF('Dezember 2026'!C$5:C$35,"Büro") | C4: =COUNTIF('Januar 2026'!C$5:C$35,"Homeoffice")+COUNTIF('Februar 2026'!C$5:C$32,"Homeoffice")+COUNTIF('März 2026'!C$5:C$35,"Homeoffice")+COUNTIF('April 2026'!C$5:C$34,"Homeoffice")+COUNTIF('Mai 2026'!C$5:C$35,"Homeoffice")+COUNTIF('Juni 2026'!C$5:C$34,"Homeoffice")+COUNTIF('Juli 2026'!C$5:C$35,"Homeoffice")+COUNTIF('August 2026'!C$5:C$35,"Homeoffice")+COUNTIF('September 2026'!C$5:C$34,"Homeoffice")+COUNTIF('Oktober 2026'!C$5:C$35,"Homeoffice")+COUNTIF('November 2026'!C$5:C$34,"Homeoffice")+COUNTIF('Dezember 2026'!C$5:C$35,"Homeoffice") | D4: =COUNTIF('Januar 2026'!C$5:C$35,"Krank")+COUNTIF('Februar 2026'!C$5:C$32,"Krank")+COUNTIF('März 2026'!C$5:C$35,"Krank")+COUNTIF('April 2026'!C$5:C$34,"Krank")+COUNTIF('Mai 2026'!C$5:C$35,"Krank")+COUNTIF('Juni 2026'!C$5:C$34,"Krank")+COUNTIF('Juli 2026'!C$5:C$35,"Krank")+COUNTIF('August 2026'!C$5:C$35,"Krank")+COUNTIF('September 2026'!C$5:C$34,"Krank")+COUNTIF('Oktober 2026'!C$5:C$35,"Krank")+COUNTIF('November 2026'!C$5:C$34,"Krank")+COUNTIF('Dezember 2026'!C$5:C$35,"Krank") | E4: =COUNTIF('Januar 2026'!C$5:C$35,"Urlaub")+COUNTIF('Februar 2026'!C$5:C$32,"Urlaub")+COUNTIF('März 2026'!C$5:C$35,"Urlaub")+COUNTIF('April 2026'!C$5:C$34,"Urlaub")+COUNTIF('Mai 2026'!C$5:C$35,"Urlaub")+COUNTIF('Juni 2026'!C$5:C$34,"Urlaub")+COUNTIF('Juli 2026'!C$5:C$35,"Urlaub")+COUNTIF('August 2026'!C$5:C$35,"Urlaub")+COUNTIF('September 2026'!C$5:C$34,"Urlaub")+COUNTIF('Oktober 2026'!C$5:C$35,"Urlaub")+COUNTIF('November 2026'!C$5:C$34,"Urlaub")+COUNTIF('Dezember 2026'!C$5:C$35,"Urlaub") | F4: =SUM(B4:E4)
A5: Ben Muster | B5: =COUNTIF('Januar 2026'!D$5:D$35,"Büro")+COUNTIF('Februar 2026'!D$5:D$32,"Büro")+COUNTIF('März 2026'!D$5:D$35,"Büro")+COUNTIF('April 2026'!D$5:D$34,"Büro")+COUNTIF('Mai 2026'!D$5:D$35,"Büro")+COUNTIF('Juni 2026'!D$5:D$34,"Büro")+COUNTIF('Juli 2026'!D$5:D$35,"Büro")+COUNTIF('August 2026'!D$5:D$35,"Büro")+COUNTIF('September 2026'!D$5:D$34,"Büro")+COUNTIF('Oktober 2026'!D$5:D$35,"Büro")+COUNTIF('November 2026'!D$5:D$34,"Büro")+COUNTIF('Dezember 2026'!D$5:D$35,"Büro") | C5: =COUNTIF('Januar 2026'!D$5:D$35,"Homeoffice")+COUNTIF('Februar 2026'!D$5:D$32,"Homeoffice")+COUNTIF('März 2026'!D$5:D$35,"Homeoffice")+COUNTIF('April 2026'!D$5:D$34,"Homeoffice")+COUNTIF('Mai 2026'!D$5:D$35,"Homeoffice")+COUNTIF('Juni 2026'!D$5:D$34,"Homeoffice")+COUNTIF('Juli 2026'!D$5:D$35,"Homeoffice")+COUNTIF('August 2026'!D$5:D$35,"Homeoffice")+COUNTIF('September 2026'!D$5:D$34,"Homeoffice")+COUNTIF('Oktober 2026'!D$5:D$35,"Homeoffice")+COUNTIF('November 2026'!D$5:D$34,"Homeoffice")+COUNTIF('Dezember 2026'!D$5:D$35,"Homeoffice") | D5: =COUNTIF('Januar 2026'!D$5:D$35,"Krank")+COUNTIF('Februar 2026'!D$5:D$32,"Krank")+COUNTIF('März 2026'!D$5:D$35,"Krank")+COUNTIF('April 2026'!D$5:D$34,"Krank")+COUNTIF('Mai 2026'!D$5:D$35,"Krank")+COUNTIF('Juni 2026'!D$5:D$34,"Krank")+COUNTIF('Juli 2026'!D$5:D$35,"Krank")+COUNTIF('August 2026'!D$5:D$35,"Krank")+COUNTIF('September 2026'!D$5:D$34,"Krank")+COUNTIF('Oktober 2026'!D$5:D$35,"Krank")+COUNTIF('November 2026'!D$5:D$34,"Krank")+COUNTIF('Dezember 2026'!D$5:D$35,"Krank") | E5: =COUNTIF('Januar 2026'!D$5:D$35,"Urlaub")+COUNTIF('Februar 2026'!D$5:D$32,"Urlaub")+COUNTIF('März 2026'!D$5:D$35,"Urlaub")+COUNTIF('April 2026'!D$5:D$34,"Urlaub")+COUNTIF('Mai 2026'!D$5:D$35,"Urlaub")+COUNTIF('Juni 2026'!D$5:D$34,"Urlaub")+COUNTIF('Juli 2026'!D$5:D$35,"Urlaub")+COUNTIF('August 2026'!D$5:D$35,"Urlaub")+COUNTIF('September 2026'!D$5:D$34,"Urlaub")+COUNTIF('Oktober 2026'!D$5:D$35,"Urlaub")+COUNTIF('November 2026'!D$5:D$34,"Urlaub")+COUNTIF('Dezember 2026'!D$5:D$35,"Urlaub") | F5: =SUM(B5:E5)
A6: Clara Test | B6: =COUNTIF('Januar 2026'!E$5:E$35,"Büro")+COUNTIF('Februar 2026'!E$5:E$32,"Büro")+COUNTIF('März 2026'!E$5:E$35,"Büro")+COUNTIF('April 2026'!E$5:E$34,"Büro")+COUNTIF('Mai 2026'!E$5:E$35,"Büro")+COUNTIF('Juni 2026'!E$5:E$34,"Büro")+COUNTIF('Juli 2026'!E$5:E$35,"Büro")+COUNTIF('August 2026'!E$5:E$35,"Büro")+COUNTIF('September 2026'!E$5:E$34,"Büro")+COUNTIF('Oktober 2026'!E$5:E$35,"Büro")+COUNTIF('November 2026'!E$5:E$34,"Büro")+COUNTIF('Dezember 2026'!E$5:E$35,"Büro") | C6: =COUNTIF('Januar 2026'!E$5:E$35,"Homeoffice")+COUNTIF('Februar 2026'!E$5:E$32,"Homeoffice")+COUNTIF('März 2026'!E$5:E$35,"Homeoffice")+COUNTIF('April 2026'!E$5:E$34,"Homeoffice")+COUNTIF('Mai 2026'!E$5:E$35,"Homeoffice")+COUNTIF('Juni 2026'!E$5:E$34,"Homeoffice")+COUNTIF('Juli 2026'!E$5:E$35,"Homeoffice")+COUNTIF('August 2026'!E$5:E$35,"Homeoffice")+COUNTIF('September 2026'!E$5:E$34,"Homeoffice")+COUNTIF('Oktober 2026'!E$5:E$35,"Homeoffice")+COUNTIF('November 2026'!E$5:E$34,"Homeoffice")+COUNTIF('Dezember 2026'!E$5:E$35,"Homeoffice") | D6: =COUNTIF('Januar 2026'!E$5:E$35,"Krank")+COUNTIF('Februar 2026'!E$5:E$32,"Krank")+COUNTIF('März 2026'!E$5:E$35,"Krank")+COUNTIF('April 2026'!E$5:E$34,"Krank")+COUNTIF('Mai 2026'!E$5:E$35,"Krank")+COUNTIF('Juni 2026'!E$5:E$34,"Krank")+COUNTIF('Juli 2026'!E$5:E$35,"Krank")+COUNTIF('August 2026'!E$5:E$35,"Krank")+COUNTIF('September 2026'!E$5:E$34,"Krank")+COUNTIF('Oktober 2026'!E$5:E$35,"Krank")+COUNTIF('November 2026'!E$5:E$34,"Krank")+COUNTIF('Dezember 2026'!E$5:E$35,"Krank") | E6: =COUNTIF('Januar 2026'!E$5:E$35,"Urlaub")+COUNTIF('Februar 2026'!E$5:E$32,"Urlaub")+COUNTIF('März 2026'!E$5:E$35,"Urlaub")+COUNTIF('April 2026'!E$5:E$34,"Urlaub")+COUNTIF('Mai 2026'!E$5:E$35,"Urlaub")+COUNTIF('Juni 2026'!E$5:E$34,"Urlaub")+COUNTIF('Juli 2026'!E$5:E$35,"Urlaub")+COUNTIF('August 2026'!E$5:E$35,"Urlaub")+COUNTIF('September 2026'!E$5:E$34,"Urlaub")+COUNTIF('Oktober 2026'!E$5:E$35,"Urlaub")+COUNTIF('November 2026'!E$5:E$34,"Urlaub")+COUNTIF('Dezember 2026'!E$5:E$35,"Urlaub") | F6: =SUM(B6:E6)
A7: Mitarbeiter 4 | B7: =COUNTIF('Januar 2026'!F$5:F$35,"Büro")+COUNTIF('Februar 2026'!F$5:F$32,"Büro")+COUNTIF('März 2026'!F$5:F$35,"Büro")+COUNTIF('April 2026'!F$5:F$34,"Büro")+COUNTIF('Mai 2026'!F$5:F$35,"Büro")+COUNTIF('Juni 2026'!F$5:F$34,"Büro")+COUNTIF('Juli 2026'!F$5:F$35,"Büro")+COUNTIF('August 2026'!F$5:F$35,"Büro")+COUNTIF('September 2026'!F$5:F$34,"Büro")+COUNTIF('Oktober 2026'!F$5:F$35,"Büro")+COUNTIF('November 2026'!F$5:F$34,"Büro")+COUNTIF('Dezember 2026'!F$5:F$35,"Büro") | C7: =COUNTIF('Januar 2026'!F$5:F$35,"Homeoffice")+COUNTIF('Februar 2026'!F$5:F$32,"Homeoffice")+COUNTIF('März 2026'!F$5:F$35,"Homeoffice")+COUNTIF('April 2026'!F$5:F$34,"Homeoffice")+COUNTIF('Mai 2026'!F$5:F$35,"Homeoffice")+COUNTIF('Juni 2026'!F$5:F$34,"Homeoffice")+COUNTIF('Juli 2026'!F$5:F$35,"Homeoffice")+COUNTIF('August 2026'!F$5:F$35,"Homeoffice")+COUNTIF('September 2026'!F$5:F$34,"Homeoffice")+COUNTIF('Oktober 2026'!F$5:F$35,"Homeoffice")+COUNTIF('November 2026'!F$5:F$34,"Homeoffice")+COUNTIF('Dezember 2026'!F$5:F$35,"Homeoffice") | D7: =COUNTIF('Januar 2026'!F$5:F$35,"Krank")+COUNTIF('Februar 2026'!F$5:F$32,"Krank")+COUNTIF('März 2026'!F$5:F$35,"Krank")+COUNTIF('April 2026'!F$5:F$34,"Krank")+COUNTIF('Mai 2026'!F$5:F$35,"Krank")+COUNTIF('Juni 2026'!F$5:F$34,"Krank")+COUNTIF('Juli 2026'!F$5:F$35,"Krank")+COUNTIF('August 2026'!F$5:F$35,"Krank")+COUNTIF('September 2026'!F$5:F$34,"Krank")+COUNTIF('Oktober 2026'!F$5:F$35,"Krank")+COUNTIF('November 2026'!F$5:F$34,"Krank")+COUNTIF('Dezember 2026'!F$5:F$35,"Krank") | E7: =COUNTIF('Januar 2026'!F$5:F$35,"Urlaub")+COUNTIF('Februar 2026'!F$5:F$32,"Urlaub")+COUNTIF('März 2026'!F$5:F$35,"Urlaub")+COUNTIF('April 2026'!F$5:F$34,"Urlaub")+COUNTIF('Mai 2026'!F$5:F$35,"Urlaub")+COUNTIF('Juni 2026'!F$5:F$34,"Urlaub")+COUNTIF('Juli 2026'!F$5:F$35,"Urlaub")+COUNTIF('August 2026'!F$5:F$35,"Urlaub")+COUNTIF('September 2026'!F$5:F$34,"Urlaub")+COUNTIF('Oktober 2026'!F$5:F$35,"Urlaub")+COUNTIF('November 2026'!F$5:F$34,"Urlaub")+COUNTIF('Dezember 2026'!F$5:F$35,"Urlaub") | F7: =SUM(B7:E7)
A8: Mitarbeiter 5 | B8: =COUNTIF('Januar 2026'!G$5:G$35,"Büro")+COUNTIF('Februar 2026'!G$5:G$32,"Büro")+COUNTIF('März 2026'!G$5:G$35,"Büro")+COUNTIF('April 2026'!G$5:G$34,"Büro")+COUNTIF('Mai 2026'!G$5:G$35,"Büro")+COUNTIF('Juni 2026'!G$5:G$34,"Büro")+COUNTIF('Juli 2026'!G$5:G$35,"Büro")+COUNTIF('August 2026'!G$5:G$35,"Büro")+COUNTIF('September 2026'!G$5:G$34,"Büro")+COUNTIF('Oktober 2026'!G$5:G$35,"Büro")+COUNTIF('November 2026'!G$5:G$34,"Büro")+COUNTIF('Dezember 2026'!G$5:G$35,"Büro") | C8: =COUNTIF('Januar 2026'!G$5:G$35,"Homeoffice")+COUNTIF('Februar 2026'!G$5:G$32,"Homeoffice")+COUNTIF('März 2026'!G$5:G$35,"Homeoffice")+COUNTIF('April 2026'!G$5:G$34,"Homeoffice")+COUNTIF('Mai 2026'!G$5:G$35,"Homeoffice")+COUNTIF('Juni 2026'!G$5:G$34,"Homeoffice")+COUNTIF('Juli 2026'!G$5:G$35,"Homeoffice")+COUNTIF('August 2026'!G$5:G$35,"Homeoffice")+COUNTIF('September 2026'!G$5:G$34,"Homeoffice")+COUNTIF('Oktober 2026'!G$5:G$35,"Homeoffice")+COUNTIF('November 2026'!G$5:G$34,"Homeoffice")+COUNTIF('Dezember 2026'!G$5:G$35,"Homeoffice") | D8: =COUNTIF('Januar 2026'!G$5:G$35,"Krank")+COUNTIF('Februar 2026'!G$5:G$32,"Krank")+COUNTIF('März 2026'!G$5:G$35,"Krank")+COUNTIF('April 2026'!G$5:G$34,"Krank")+COUNTIF('Mai 2026'!G$5:G$35,"Krank")+COUNTIF('Juni 2026'!G$5:G$34,"Krank")+COUNTIF('Juli 2026'!G$5:G$35,"Krank")+COUNTIF('August 2026'!G$5:G$35,"Krank")+COUNTIF('September 2026'!G$5:G$34,"Krank")+COUNTIF('Oktober 2026'!G$5:G$35,"Krank")+COUNTIF('November 2026'!G$5:G$34,"Krank")+COUNTIF('Dezember 2026'!G$5:G$35,"Krank") | E8: =COUNTIF('Januar 2026'!G$5:G$35,"Urlaub")+COUNTIF('Februar 2026'!G$5:G$32,"Urlaub")+COUNTIF('März 2026'!G$5:G$35,"Urlaub")+COUNTIF('April 2026'!G$5:G$34,"Urlaub")+COUNTIF('Mai 2026'!G$5:G$35,"Urlaub")+COUNTIF('Juni 2026'!G$5:G$34,"Urlaub")+COUNTIF('Juli 2026'!G$5:G$35,"Urlaub")+COUNTIF('August 2026'!G$5:G$35,"Urlaub")+COUNTIF('September 2026'!G$5:G$34,"Urlaub")+COUNTIF('Oktober 2026'!G$5:G$35,"Urlaub")+COUNTIF('November 2026'!G$5:G$34,"Urlaub")+COUNTIF('Dezember 2026'!G$5:G$35,"Urlaub") | F8: =SUM(B8:E8)
A9: Mitarbeiter 6 | B9: =COUNTIF('Januar 2026'!H$5:H$35,"Büro")+COUNTIF('Februar 2026'!H$5:H$32,"Büro")+COUNTIF('März 2026'!H$5:H$35,"Büro")+COUNTIF('April 2026'!H$5:H$34,"Büro")+COUNTIF('Mai 2026'!H$5:H$35,"Büro")+COUNTIF('Juni 2026'!H$5:H$34,"Büro")+COUNTIF('Juli 2026'!H$5:H$35,"Büro")+COUNTIF('August 2026'!H$5:H$35,"Büro")+COUNTIF('September 2026'!H$5:H$34,"Büro")+COUNTIF('Oktober 2026'!H$5:H$35,"Büro")+COUNTIF('November 2026'!H$5:H$34,"Büro")+COUNTIF('Dezember 2026'!H$5:H$35,"Büro") | C9: =COUNTIF('Januar 2026'!H$5:H$35,"Homeoffice")+COUNTIF('Februar 2026'!H$5:H$32,"Homeoffice")+COUNTIF('März 2026'!H$5:H$35,"Homeoffice")+COUNTIF('April 2026'!H$5:H$34,"Homeoffice")+COUNTIF('Mai 2026'!H$5:H$35,"Homeoffice")+COUNTIF('Juni 2026'!H$5:H$34,"Homeoffice")+COUNTIF('Juli 2026'!H$5:H$35,"Homeoffice")+COUNTIF('August 2026'!H$5:H$35,"Homeoffice")+COUNTIF('September 2026'!H$5:H$34,"Homeoffice")+COUNTIF('Oktober 2026'!H$5:H$35,"Homeoffice")+COUNTIF('November 2026'!H$5:H$34,"Homeoffice")+COUNTIF('Dezember 2026'!H$5:H$35,"Homeoffice") | D9: =COUNTIF('Januar 2026'!H$5:H$35,"Krank")+COUNTIF('Februar 2026'!H$5:H$32,"Krank")+COUNTIF('März 2026'!H$5:H$35,"Krank")+COUNTIF('April 2026'!H$5:H$34,"Krank")+COUNTIF('Mai 2026'!H$5:H$35,"Krank")+COUNTIF('Juni 2026'!H$5:H$34,"Krank")+COUNTIF('Juli 2026'!H$5:H$35,"Krank")+COUNTIF('August 2026'!H$5:H$35,"Krank")+COUNTIF('September 2026'!H$5:H$34,"Krank")+COUNTIF('Oktober 2026'!H$5:H$35,"Krank")+COUNTIF('November 2026'!H$5:H$34,"Krank")+COUNTIF('Dezember 2026'!H$5:H$35,"Krank") | E9: =COUNTIF('Januar 2026'!H$5:H$35,"Urlaub")+COUNTIF('Februar 2026'!H$5:H$32,"Urlaub")+COUNTIF('März 2026'!H$5:H$35,"Urlaub")+COUNTIF('April 2026'!H$5:H$34,"Urlaub")+COUNTIF('Mai 2026'!H$5:H$35,"Urlaub")+COUNTIF('Juni 2026'!H$5:H$34,"Urlaub")+COUNTIF('Juli 2026'!H$5:H$35,"Urlaub")+COUNTIF('August 2026'!H$5:H$35,"Urlaub")+COUNTIF('September 2026'!H$5:H$34,"Urlaub")+COUNTIF('Oktober 2026'!H$5:H$35,"Urlaub")+COUNTIF('November 2026'!H$5:H$34,"Urlaub")+COUNTIF('Dezember 2026'!H$5:H$35,"Urlaub") | F9: =SUM(B9:E9)
A10: Mitarbeiter 7 | B10: =COUNTIF('Januar 2026'!I$5:I$35,"Büro")+COUNTIF('Februar 2026'!I$5:I$32,"Büro")+COUNTIF('März 2026'!I$5:I$35,"Büro")+COUNTIF('April 2026'!I$5:I$34,"Büro")+COUNTIF('Mai 2026'!I$5:I$35,"Büro")+COUNTIF('Juni 2026'!I$5:I$34,"Büro")+COUNTIF('Juli 2026'!I$5:I$35,"Büro")+COUNTIF('August 2026'!I$5:I$35,"Büro")+COUNTIF('September 2026'!I$5:I$34,"Büro")+COUNTIF('Oktober 2026'!I$5:I$35,"Büro")+COUNTIF('November 2026'!I$5:I$34,"Büro")+COUNTIF('Dezember 2026'!I$5:I$35,"Büro") | C10: =COUNTIF('Januar 2026'!I$5:I$35,"Homeoffice")+COUNTIF('Februar 2026'!I$5:I$32,"Homeoffice")+COUNTIF('März 2026'!I$5:I$35,"Homeoffice")+COUNTIF('April 2026'!I$5:I$34,"Homeoffice")+COUNTIF('Mai 2026'!I$5:I$35,"Homeoffice")+COUNTIF('Juni 2026'!I$5:I$34,"Homeoffice")+COUNTIF('Juli 2026'!I$5:I$35,"Homeoffice")+COUNTIF('August 2026'!I$5:I$35,"Homeoffice")+COUNTIF('September 2026'!I$5:I$34,"Homeoffice")+COUNTIF('Oktober 2026'!I$5:I$35,"Homeoffice")+COUNTIF('November 2026'!I$5:I$34,"Homeoffice")+COUNTIF('Dezember 2026'!I$5:I$35,"Homeoffice") | D10: =COUNTIF('Januar 2026'!I$5:I$35,"Krank")+COUNTIF('Februar 2026'!I$5:I$32,"Krank")+COUNTIF('März 2026'!I$5:I$35,"Krank")+COUNTIF('April 2026'!I$5:I$34,"Krank")+COUNTIF('Mai 2026'!I$5:I$35,"Krank")+COUNTIF('Juni 2026'!I$5:I$34,"Krank")+COUNTIF('Juli 2026'!I$5:I$35,"Krank")+COUNTIF('August 2026'!I$5:I$35,"Krank")+COUNTIF('September 2026'!I$5:I$34,"Krank")+COUNTIF('Oktober 2026'!I$5:I$35,"Krank")+COUNTIF('November 2026'!I$5:I$34,"Krank")+COUNTIF('Dezember 2026'!I$5:I$35,"Krank") | E10: =COUNTIF('Januar 2026'!I$5:I$35,"Urlaub")+COUNTIF('Februar 2026'!I$5:I$32,"Urlaub")+COUNTIF('März 2026'!I$5:I$35,"Urlaub")+COUNTIF('April 2026'!I$5:I$34,"Urlaub")+COUNTIF('Mai 2026'!I$5:I$35,"Urlaub")+COUNTIF('Juni 2026'!I$5:I$34,"Urlaub")+COUNTIF('Juli 2026'!I$5:I$35,"Urlaub")+COUNTIF('August 2026'!I$5:I$35,"Urlaub")+COUNTIF('September 2026'!I$5:I$34,"Urlaub")+COUNTIF('Oktober 2026'!I$5:I$35,"Urlaub")+COUNTIF('November 2026'!I$5:I$34,"Urlaub")+COUNTIF('Dezember 2026'!I$5:I$35,"Urlaub") | F10: =SUM(B10:E10)
A11: Mitarbeiter 8 | B11: =COUNTIF('Januar 2026'!J$5:J$35,"Büro")+COUNTIF('Februar 2026'!J$5:J$32,"Büro")+COUNTIF('März 2026'!J$5:J$35,"Büro")+COUNTIF('April 2026'!J$5:J$34,"Büro")+COUNTIF('Mai 2026'!J$5:J$35,"Büro")+COUNTIF('Juni 2026'!J$5:J$34,"Büro")+COUNTIF('Juli 2026'!J$5:J$35,"Büro")+COUNTIF('August 2026'!J$5:J$35,"Büro")+COUNTIF('September 2026'!J$5:J$34,"Büro")+COUNTIF('Oktober 2026'!J$5:J$35,"Büro")+COUNTIF('November 2026'!J$5:J$34,"Büro")+COUNTIF('Dezember 2026'!J$5:J$35,"Büro") | C11: =COUNTIF('Januar 2026'!J$5:J$35,"Homeoffice")+COUNTIF('Februar 2026'!J$5:J$32,"Homeoffice")+COUNTIF('März 2026'!J$5:J$35,"Homeoffice")+COUNTIF('April 2026'!J$5:J$34,"Homeoffice")+COUNTIF('Mai 2026'!J$5:J$35,"Homeoffice")+COUNTIF('Juni 2026'!J$5:J$34,"Homeoffice")+COUNTIF('Juli 2026'!J$5:J$35,"Homeoffice")+COUNTIF('August 2026'!J$5:J$35,"Homeoffice")+COUNTIF('September 2026'!J$5:J$34,"Homeoffice")+COUNTIF('Oktober 2026'!J$5:J$35,"Homeoffice")+COUNTIF('November 2026'!J$5:J$34,"Homeoffice")+COUNTIF('Dezember 2026'!J$5:J$35,"Homeoffice") | D11: =COUNTIF('Januar 2026'!J$5:J$35,"Krank")+COUNTIF('Februar 2026'!J$5:J$32,"Krank")+COUNTIF('März 2026'!J$5:J$35,"Krank")+COUNTIF('April 2026'!J$5:J$34,"Krank")+COUNTIF('Mai 2026'!J$5:J$35,"Krank")+COUNTIF('Juni 2026'!J$5:J$34,"Krank")+COUNTIF('Juli 2026'!J$5:J$35,"Krank")+COUNTIF('August 2026'!J$5:J$35,"Krank")+COUNTIF('September 2026'!J$5:J$34,"Krank")+COUNTIF('Oktober 2026'!J$5:J$35,"Krank")+COUNTIF('November 2026'!J$5:J$34,"Krank")+COUNTIF('Dezember 2026'!J$5:J$35,"Krank") | E11: =COUNTIF('Januar 2026'!J$5:J$35,"Urlaub")+COUNTIF('Februar 2026'!J$5:J$32,"Urlaub")+COUNTIF('März 2026'!J$5:J$35,"Urlaub")+COUNTIF('April 2026'!J$5:J$34,"Urlaub")+COUNTIF('Mai 2026'!J$5:J$35,"Urlaub")+COUNTIF('Juni 2026'!J$5:J$34,"Urlaub")+COUNTIF('Juli 2026'!J$5:J$35,"Urlaub")+COUNTIF('August 2026'!J$5:J$35,"Urlaub")+COUNTIF('September 2026'!J$5:J$34,"Urlaub")+COUNTIF('Oktober 2026'!J$5:J$35,"Urlaub")+COUNTIF('November 2026'!J$5:J$34,"Urlaub")+COUNTIF('Dezember 2026'!J$5:J$35,"Urlaub") | F11: =SUM(B11:E11)
A12: Mitarbeiter 9 | B12: =COUNTIF('Januar 2026'!K$5:K$35,"Büro")+COUNTIF('Februar 2026'!K$5:K$32,"Büro")+COUNTIF('März 2026'!K$5:K$35,"Büro")+COUNTIF('April 2026'!K$5:K$34,"Büro")+COUNTIF('Mai 2026'!K$5:K$35,"Büro")+COUNTIF('Juni 2026'!K$5:K$34,"Büro")+COUNTIF('Juli 2026'!K$5:K$35,"Büro")+COUNTIF('August 2026'!K$5:K$35,"Büro")+COUNTIF('September 2026'!K$5:K$34,"Büro")+COUNTIF('Oktober 2026'!K$5:K$35,"Büro")+COUNTIF('November 2026'!K$5:K$34,"Büro")+COUNTIF('Dezember 2026'!K$5:K$35,"Büro") | C12: =COUNTIF('Januar 2026'!K$5:K$35,"Homeoffice")+COUNTIF('Februar 2026'!K$5:K$32,"Homeoffice")+COUNTIF('März 2026'!K$5:K$35,"Homeoffice")+COUNTIF('April 2026'!K$5:K$34,"Homeoffice")+COUNTIF('Mai 2026'!K$5:K$35,"Homeoffice")+COUNTIF('Juni 2026'!K$5:K$34,"Homeoffice")+COUNTIF('Juli 2026'!K$5:K$35,"Homeoffice")+COUNTIF('August 2026'!K$5:K$35,"Homeoffice")+COUNTIF('September 2026'!K$5:K$34,"Homeoffice")+COUNTIF('Oktober 2026'!K$5:K$35,"Homeoffice")+COUNTIF('November 2026'!K$5:K$34,"Homeoffice")+COUNTIF('Dezember 2026'!K$5:K$35,"Homeoffice") | D12: =COUNTIF('Januar 2026'!K$5:K$35,"Krank")+COUNTIF('Februar 2026'!K$5:K$32,"Krank")+COUNTIF('März 2026'!K$5:K$35,"Krank")+COUNTIF('April 2026'!K$5:K$34,"Krank")+COUNTIF('Mai 2026'!K$5:K$35,"Krank")+COUNTIF('Juni 2026'!K$5:K$34,"Krank")+COUNTIF('Juli 2026'!K$5:K$35,"Krank")+COUNTIF('August 2026'!K$5:K$35,"Krank")+COUNTIF('September 2026'!K$5:K$34,"Krank")+COUNTIF('Oktober 2026'!K$5:K$35,"Krank")+COUNTIF('November 2026'!K$5:K$34,"Krank")+COUNTIF('Dezember 2026'!K$5:K$35,"Krank") | E12: =COUNTIF('Januar 2026'!K$5:K$35,"Urlaub")+COUNTIF('Februar 2026'!K$5:K$32,"Urlaub")+COUNTIF('März 2026'!K$5:K$35,"Urlaub")+COUNTIF('April 2026'!K$5:K$34,"Urlaub")+COUNTIF('Mai 2026'!K$5:K$35,"Urlaub")+COUNTIF('Juni 2026'!K$5:K$34,"Urlaub")+COUNTIF('Juli 2026'!K$5:K$35,"Urlaub")+COUNTIF('August 2026'!K$5:K$35,"Urlaub")+COUNTIF('September 2026'!K$5:K$34,"Urlaub")+COUNTIF('Oktober 2026'!K$5:K$35,"Urlaub")+COUNTIF('November 2026'!K$5:K$34,"Urlaub")+COUNTIF('Dezember 2026'!K$5:K$35,"Urlaub") | F12: =SUM(B12:E12)
A13: Mitarbeiter 10 | B13: =COUNTIF('Januar 2026'!L$5:L$35,"Büro")+COUNTIF('Februar 2026'!L$5:L$32,"Büro")+COUNTIF('März 2026'!L$5:L$35,"Büro")+COUNTIF('April 2026'!L$5:L$34,"Büro")+COUNTIF('Mai 2026'!L$5:L$35,"Büro")+COUNTIF('Juni 2026'!L$5:L$34,"Büro")+COUNTIF('Juli 2026'!L$5:L$35,"Büro")+COUNTIF('August 2026'!L$5:L$35,"Büro")+COUNTIF('September 2026'!L$5:L$34,"Büro")+COUNTIF('Oktober 2026'!L$5:L$35,"Büro")+COUNTIF('November 2026'!L$5:L$34,"Büro")+COUNTIF('Dezember 2026'!L$5:L$35,"Büro") | C13: =COUNTIF('Januar 2026'!L$5:L$35,"Homeoffice")+COUNTIF('Februar 2026'!L$5:L$32,"Homeoffice")+COUNTIF('März 2026'!L$5:L$35,"Homeoffice")+COUNTIF('April 2026'!L$5:L$34,"Homeoffice")+COUNTIF('Mai 2026'!L$5:L$35,"Homeoffice")+COUNTIF('Juni 2026'!L$5:L$34,"Homeoffice")+COUNTIF('Juli 2026'!L$5:L$35,"Homeoffice")+COUNTIF('August 2026'!L$5:L$35,"Homeoffice")+COUNTIF('September 2026'!L$5:L$34,"Homeoffice")+COUNTIF('Oktober 2026'!L$5:L$35,"Homeoffice")+COUNTIF('November 2026'!L$5:L$34,"Homeoffice")+COUNTIF('Dezember 2026'!L$5:L$35,"Homeoffice") | D13: =COUNTIF('Januar 2026'!L$5:L$35,"Krank")+COUNTIF('Februar 2026'!L$5:L$32,"Krank")+COUNTIF('März 2026'!L$5:L$35,"Krank")+COUNTIF('April 2026'!L$5:L$34,"Krank")+COUNTIF('Mai 2026'!L$5:L$35,"Krank")+COUNTIF('Juni 2026'!L$5:L$34,"Krank")+COUNTIF('Juli 2026'!L$5:L$35,"Krank")+COUNTIF('August 2026'!L$5:L$35,"Krank")+COUNTIF('September 2026'!L$5:L$34,"Krank")+COUNTIF('Oktober 2026'!L$5:L$35,"Krank")+COUNTIF('November 2026'!L$5:L$34,"Krank")+COUNTIF('Dezember 2026'!L$5:L$35,"Krank") | E13: =COUNTIF('Januar 2026'!L$5:L$35,"Urlaub")+COUNTIF('Februar 2026'!L$5:L$32,"Urlaub")+COUNTIF('März 2026'!L$5:L$35,"Urlaub")+COUNTIF('April 2026'!L$5:L$34,"Urlaub")+COUNTIF('Mai 2026'!L$5:L$35,"Urlaub")+COUNTIF('Juni 2026'!L$5:L$34,"Urlaub")+COUNTIF('Juli 2026'!L$5:L$35,"Urlaub")+COUNTIF('August 2026'!L$5:L$35,"Urlaub")+COUNTIF('September 2026'!L$5:L$34,"Urlaub")+COUNTIF('Oktober 2026'!L$5:L$35,"Urlaub")+COUNTIF('November 2026'!L$5:L$34,"Urlaub")+COUNTIF('Dezember 2026'!L$5:L$35,"Urlaub") | F13: =SUM(B13:E13)
A14: Gesamt (alle) | B14: =SUM(B4:B13) | C14: =SUM(C4:C13) | D14: =SUM(D4:D13) | E14: =SUM(E4:E13) | F14: =SUM(F4:F13)

Sheet Januar 2026
A1: Bürobelegungsplaner 2026 – Januar
A2: Bitte je Tag den Status aus dem Dropdown wählen: Büro | Homeoffice | Krank | Urlaub
A4: Datum | B4: Wochentag | C4: =Jahresübersicht!$A$4 | D4: =Jahresübersicht!$A$5 | E4: =Jahresübersicht!$A$6 | F4: =Jahresübersicht!$A$7 | G4: =Jahresübersicht!$A$8 | H4: =Jahresübersicht!$A$9 | I4: =Jahresübersicht!$A$10 | J4: =Jahresübersicht!$A$11 | K4: =Jahresübersicht!$A$12 | L4: =Jahresübersicht!$A$13 | M4: Im Büro (Anzahl)
A5: 46023 | B5: Donnerstag · Neujahr | M5: =COUNTIF(C5:L5,"Büro")
A6: 46024 | B6: Freitag | M6: =COUNTIF(C6:L6,"Büro")
A7: 46025 | B7: Samstag | M7: =COUNTIF(C7:L7,"Büro")
A8: 46026 | B8: Sonntag | M8: =COUNTIF(C8:L8,"Büro")
A9: 46027 | B9: Montag | M9: =COUNTIF(C9:L9,"Büro")
A10: 46028 | B10: Dienstag | M10: =COUNTIF(C10:L10,"Büro")
A11: 46029 | B11: Mittwoch | M11: =COUNTIF(C11:L11,"Büro")
A12: 46030 | B12: Donnerstag | M12: =COUNTIF(C12:L12,"Büro")
A13: 46031 | B13: Freitag | M13: =COUNTIF(C13:L13,"Büro")
A14: 46032 | B14: Samstag | M14: =COUNTIF(C14:L14,"Büro")
A15: 46033 | B15: Sonntag | M15: =COUNTIF(C15:L15,"Büro")
A16: 46034 | B16: Montag | M16: =COUNTIF(C16:L16,"Büro")
... A35: 46053 | B35: Samstag | M35: =COUNTIF(C35:L35,"Büro")
B37: Summe Büro | C37: =COUNTIF(C5:C35,"Büro") | D37: =COUNTIF(D5:D35,"Büro") | E37: =COUNTIF(E5:E35,"Büro") | F37: =COUNTIF(F5:F35,"Büro") | G37: =COUNTIF(G5:G35,"Büro") | H37: =COUNTIF(H5:H35,"Büro") | I37: =COUNTIF(I5:I35,"Büro") | J37: =COUNTIF(J5:J35,"Büro") | ... L37: =COUNTIF(L5:L35,"Büro")
B38: Summe Homeoffice | C38: =COUNTIF(C5:C35,"Homeoffice") | D38: =COUNTIF(D5:D35,"Homeoffice") | E38: =COUNTIF(E5:E35,"Homeoffice") | F38: =COUNTIF(F5:F35,"Homeoffice") | G38: =COUNTIF(G5:G35,"Homeoffice") | H38: =COUNTIF(H5:H35,"Homeoffice") | I38: =COUNTIF(I5:I35,"Homeoffice") | J38: =COUNTIF(J5:J35,"Homeoffice") | ... L38: =COUNTIF(L5:L35,"Homeoffice")
B39: Summe Krank | C39: =COUNTIF(C5:C35,"Krank") | D39: =COUNTIF(D5:D35,"Krank") | E39: =COUNTIF(E5:E35,"Krank") | F39: =COUNTIF(F5:F35,"Krank") | G39: =COUNTIF(G5:G35,"Krank") | H39: =COUNTIF(H5:H35,"Krank") | I39: =COUNTIF(I5:I35,"Krank") | J39: =COUNTIF(J5:J35,"Krank") | ... L39: =COUNTIF(L5:L35,"Krank")
B40: Summe Urlaub | C40: =COUNTIF(C5:C35,"Urlaub") | D40: =COUNTIF(D5:D35,"Urlaub") | E40: =COUNTIF(E5:E35,"Urlaub") | F40: =COUNTIF(F5:F35,"Urlaub") | G40: =COUNTIF(G5:G35,"Urlaub") | H40: =COUNTIF(H5:H35,"Urlaub") | I40: =COUNTIF(I5:I35,"Urlaub") | J40: =COUNTIF(J5:J35,"Urlaub") | ... L40: =COUNTIF(L5:L35,"Urlaub")

Sheet Februar 2026
A1: Bürobelegungsplaner 2026 – Februar
A2: Bitte je Tag den Status aus dem Dropdown wählen: Büro | Homeoffice | Krank | Urlaub
A4: Datum | B4: Wochentag | C4: =Jahresübersicht!$A$4 | D4: =Jahresübersicht!$A$5 | E4: =Jahresübersicht!$A$6 | F4: =Jahresübersicht!$A$7 | G4: =Jahresübersicht!$A$8 | H4: =Jahresübersicht!$A$9 | I4: =Jahresübersicht!$A$10 | J4: =Jahresübersicht!$A$11 | K4: =Jahresübersicht!$A$12 | L4: =Jahresübersicht!$A$13 | M4: Im Büro (Anzahl)
A5: 46054 | B5: Sonntag | M5: =COUNTIF(C5:L5,"Büro")
A6: 46055 | B6: Montag | M6: =COUNTIF(C6:L6,"Büro")
A7: 46056 | B7: Dienstag | M7: =COUNTIF(C7:L7,"Büro")
A8: 46057 | B8: Mittwoch | M8: =COUNTIF(C8:L8,"Büro")
A9: 46058 | B9: Donnerstag | M9: =COUNTIF(C9:L9,"Büro")
A10: 46059 | B10: Freitag | M10: =COUNTIF(C10:L10,"Büro")
A11: 46060 | B11: Samstag | M11: =COUNTIF(C11:L11,"Büro")
A12: 46061 | B12: Sonntag | M12: =COUNTIF(C12:L12,"Büro")
A13: 46062 | B13: Montag | M13: =COUNTIF(C13:L13,"Büro")
A14: 46063 | B14: Dienstag | M14: =COUNTIF(C14:L14,"Büro")
A15: 46064 | B15: Mittwoch | M15: =COUNTIF(C15:L15,"Büro")
A16: 46065 | B16: Donnerstag | M16: =COUNTIF(C16:L16,"Büro")
... A32: 46081 | B32: Samstag | M32: =COUNTIF(C32:L32,"Büro")
B34: Summe Büro | C34: =COUNTIF(C5:C32,"Büro") | D34: =COUNTIF(D5:D32,"Büro") | E34: =COUNTIF(E5:E32,"Büro") | F34: =COUNTIF(F5:F32,"Büro") | G34: =COUNTIF(G5:G32,"Büro") | H34: =COUNTIF(H5:H32,"Büro") | I34: =COUNTIF(I5:I32,"Büro") | J34: =COUNTIF(J5:J32,"Büro") | ... L34: =COUNTIF(L5:L32,"Büro")
B35: Summe Homeoffice | C35: =COUNTIF(C5:C32,"Homeoffice") | D35: =COUNTIF(D5:D32,"Homeoffice") | E35: =COUNTIF(E5:E32,"Homeoffice") | F35: =COUNTIF(F5:F32,"Homeoffice") | G35: =COUNTIF(G5:G32,"Homeoffice") | H35: =COUNTIF(H5:H32,"Homeoffice") | I35: =COUNTIF(I5:I32,"Homeoffice") | J35: =COUNTIF(J5:J32,"Homeoffice") | ... L35: =COUNTIF(L5:L32,"Homeoffice")
B36: Summe Krank | C36: =COUNTIF(C5:C32,"Krank") | D36: =COUNTIF(D5:D32,"Krank") | E36: =COUNTIF(E5:E32,"Krank") | F36: =COUNTIF(F5:F32,"Krank") | G36: =COUNTIF(G5:G32,"Krank") | H36: =COUNTIF(H5:H32,"Krank") | I36: =COUNTIF(I5:I32,"Krank") | J36: =COUNTIF(J5:J32,"Krank") | ... L36: =COUNTIF(L5:L32,"Krank")
B37: Summe Urlaub | C37: =COUNTIF(C5:C32,"Urlaub") | D37: =COUNTIF(D5:D32,"Urlaub") | E37: =COUNTIF(E5:E32,"Urlaub") | F37: =COUNTIF(F5:F32,"Urlaub") | G37: =COUNTIF(G5:G32,"Urlaub") | H37: =COUNTIF(H5:H32,"Urlaub") | I37: =COUNTIF(I5:I32,"Urlaub") | J37: =COUNTIF(J5:J32,"Urlaub") | ... L37: =COUNTIF(L5:L32,"Urlaub")

Sheet März 2026
A1: Bürobelegungsplaner 2026 – März
A2: Bitte je Tag den Status aus dem Dropdown wählen: Büro | Homeoffice | Krank | Urlaub
A4: Datum | B4: Wochentag | C4: =Jahresübersicht!$A$4 | D4: =Jahresübersicht!$A$5 | E4: =Jahresübersicht!$A$6 | F4: =Jahresübersicht!$A$7 | G4: =Jahresübersicht!$A$8 | H4: =Jahresübersicht!$A$9 | I4: =Jahresübersicht!$A$10 | J4: =Jahresübersicht!$A$11 | K4: =Jahresübersicht!$A$12 | L4: =Jahresübersicht!$A$13 | M4: Im Büro (Anzahl)
A5: 46082 | B5: Sonntag | M5: =COUNTIF(C5:L5,"Büro")
A6: 46083 | B6: Montag | M6: =COUNTIF(C6:L6,"Büro")
A7: 46084 | B7: Dienstag | M7: =COUNTIF(C7:L7,"Büro")
A8: 46085 | B8: Mittwoch | M8: =COUNTIF(C8:L8,"Büro")
A9: 46086 | B9: Donnerstag | M9: =COUNTIF(C9:L9,"Büro")
A10: 46087 | B10: Freitag | M10: =COUNTIF(C10:L10,"Büro")
A11: 46088 | B11: Samstag | M11: =COUNTIF(C11:L11,"Büro")
A12: 46089 | B12: Sonntag | M12: =COUNTIF(C12:L12,"Büro")
A13: 46090 | B13: Montag | M13: =COUNTIF(C13:L13,"Büro")
A14: 46091 | B14: Dienstag | M14: =COUNTIF(C14:L14,"Büro")
A15: 46092 | B15: Mittwoch | M15: =COUNTIF(C15:L15,"Büro")
A16: 46093 | B16: Donnerstag | M16: =COUNTIF(C16:L16,"Büro")
... A35: 46112 | B35: Dienstag | M35: =COUNTIF(C35:L35,"Büro")
B37: Summe Büro | C37: =COUNTIF(C5:C35,"Büro") | D37: =COUNTIF(D5:D35,"Büro") | E37: =COUNTIF(E5:E35,"Büro") | F37: =COUNTIF(F5:F35,"Büro") | G37: =COUNTIF(G5:G35,"Büro") | H37: =COUNTIF(H5:H35,"Büro") | I37: =COUNTIF(I5:I35,"Büro") | J37: =COUNTIF(J5:J35,"Büro") | ... L37: =COUNTIF(L5:L35,"Büro")
B38: Summe Homeoffice | C38: =COUNTIF(C5:C35,"Homeoffice") | D38: =COUNTIF(D5:D35,"Homeoffice") | E38: =COUNTIF(E5:E35,"Homeoffice") | F38: =COUNTIF(F5:F35,"Homeoffice") | G38: =COUNTIF(G5:G35,"Homeoffice") | H38: =COUNTIF(H5:H35,"Homeoffice") | I38: =COUNTIF(I5:I35,"Homeoffice") | J38: =COUNTIF(J5:J35,"Homeoffice") | ... L38: =COUNTIF(L5:L35,"Homeoffice")
B39: Summe Krank | C39: =COUNTIF(C5:C35,"Krank") | D39: =COUNTIF(D5:D35,"Krank") | E39: =COUNTIF(E5:E35,"Krank") | F39: =COUNTIF(F5:F35,"Krank") | G39: =COUNTIF(G5:G35,"Krank") | H39: =COUNTIF(H5:H35,"Krank") | I39: =COUNTIF(I5:I35,"Krank") | J39: =COUNTIF(J5:J35,"Krank") | ... L39: =COUNTIF(L5:L35,"Krank")
B40: Summe Urlaub | C40: =COUNTIF(C5:C35,"Urlaub") | D40: =COUNTIF(D5:D35,"Urlaub") | E40: =COUNTIF(E5:E35,"Urlaub") | F40: =COUNTIF(F5:F35,"Urlaub") | G40: =COUNTIF(G5:G35,"Urlaub") | H40: =COUNTIF(H5:H35,"Urlaub") | I40: =COUNTIF(I5:I35,"Urlaub") | J40: =COUNTIF(J5:J35,"Urlaub") | ... L40: =COUNTIF(L5:L35,"Urlaub")

Sheet April 2026
A1: Bürobelegungsplaner 2026 – April
A2: Bitte je Tag den Status aus dem Dropdown wählen: Büro | Homeoffice | Krank | Urlaub
A4: Datum | B4: Wochentag | C4: =Jahresübersicht!$A$4 | D4: =Jahresübersicht!$A$5 | E4: =Jahresübersicht!$A$6 | F4: =Jahresübersicht!$A$7 | G4: =Jahresübersicht!$A$8 | H4: =Jahresübersicht!$A$9 | I4: =Jahresübersicht!$A$10 | J4: =Jahresübersicht!$A$11 | K4: =Jahresübersicht!$A$12 | L4: =Jahresübersicht!$A$13 | M4: Im Büro (Anzahl)
A5: 46113 | B5: Mittwoch | M5: =COUNTIF(C5:L5,"Büro")
A6: 46114 | B6: Donnerstag | M6: =COUNTIF(C6:L6,"Büro")
A7: 46115 | B7: Freitag · Karfreitag | M7: =COUNTIF(C7:L7,"Büro")
A8: 46116 | B8: Samstag | M8: =COUNTIF(C8:L8,"Büro")
A9: 46117 | B9: Sonntag | M9: =COUNTIF(C9:L9,"Büro")
A10: 46118 | B10: Montag · Ostermontag | M10: =COUNTIF(C10:L10,"Büro")
A11: 46119 | B11: Dienstag | M11: =COUNTIF(C11:L11,"Büro")
A12: 46120 | B12: Mittwoch | M12: =COUNTIF(C12:L12,"Büro")
A13: 46121 | B13: Donnerstag | M13: =COUNTIF(C13:L13,"Büro")
A14: 46122 | B14: Freitag | M14: =COUNTIF(C14:L14,"Büro")
A15: 46123 | B15: Samstag | M15: =COUNTIF(C15:L15,"Büro")
A16: 46124 | B16: Sonntag | M16: =COUNTIF(C16:L16,"Büro")
... A34: 46142 | B34: Donnerstag | M34: =COUNTIF(C34:L34,"Büro")
B36: Summe Büro | C36: =COUNTIF(C5:C34,"Büro") | D36: =COUNTIF(D5:D34,"Büro") | E36: =COUNTIF(E5:E34,"Büro") | F36: =COUNTIF(F5:F34,"Büro") | G36: =COUNTIF(G5:G34,"Büro") | H36: =COUNTIF(H5:H34,"Büro") | I36: =COUNTIF(I5:I34,"Büro") | J36: =COUNTIF(J5:J34,"Büro") | ... L36: =COUNTIF(L5:L34,"Büro")
B37: Summe Homeoffice | C37: =COUNTIF(C5:C34,"Homeoffice") | D37: =COUNTIF(D5:D34,"Homeoffice") | E37: =COUNTIF(E5:E34,"Homeoffice") | F37: =COUNTIF(F5:F34,"Homeoffice") | G37: =COUNTIF(G5:G34,"Homeoffice") | H37: =COUNTIF(H5:H34,"Homeoffice") | I37: =COUNTIF(I5:I34,"Homeoffice") | J37: =COUNTIF(J5:J34,"Homeoffice") | ... L37: =COUNTIF(L5:L34,"Homeoffice")
B38: Summe Krank | C38: =COUNTIF(C5:C34,"Krank") | D38: =COUNTIF(D5:D34,"Krank") | E38: =COUNTIF(E5:E34,"Krank") | F38: =COUNTIF(F5:F34,"Krank") | G38: =COUNTIF(G5:G34,"Krank") | H38: =COUNTIF(H5:H34,"Krank") | I38: =COUNTIF(I5:I34,"Krank") | J38: =COUNTIF(J5:J34,"Krank") | ... L38: =COUNTIF(L5:L34,"Krank")
B39: Summe Urlaub | C39: =COUNTIF(C5:C34,"Urlaub") | D39: =COUNTIF(D5:D34,"Urlaub") | E39: =COUNTIF(E5:E34,"Urlaub") | F39: =COUNTIF(F5:F34,"Urlaub") | G39: =COUNTIF(G5:G34,"Urlaub") | H39: =COUNTIF(H5:H34,"Urlaub") | I39: =COUNTIF(I5:I34,"Urlaub") | J39: =COUNTIF(J5:J34,"Urlaub") | ... L39: =COUNTIF(L5:L34,"Urlaub")

Sheet Mai 2026
A1: Bürobelegungsplaner 2026 – Mai
A2: Bitte je Tag den Status aus dem Dropdown wählen: Büro | Homeoffice | Krank | Urlaub
A4: Datum | B4: Wochentag | C4: =Jahresübersicht!$A$4 | D4: =Jahresübersicht!$A$5 | E4: =Jahresübersicht!$A$6 | F4: =Jahresübersicht!$A$7 | G4: =Jahresübersicht!$A$8 | H4: =Jahresübersicht!$A$9 | I4: =Jahresübersicht!$A$10 | J4: =Jahresübersicht!$A$11 | K4: =Jahresübersicht!$A$12 | L4: =Jahresübersicht!$A$13 | M4: Im Büro (Anzahl)
A5: 46143 | B5: Freitag · Tag der Arbeit | M5: =COUNTIF(C5:L5,"Büro")
A6: 46144 | B6: Samstag | M6: =COUNTIF(C6:L6,"Büro")
A7: 46145 | B7: Sonntag | M7: =COUNTIF(C7:L7,"Büro")
A8: 46146 | B8: Montag | M8: =COUNTIF(C8:L8,"Büro")
A9: 46147 | B9: Dienstag | M9: =COUNTIF(C9:L9,"Büro")
A10: 46148 | B10: Mittwoch | M10: =COUNTIF(C10:L10,"Büro")
A11: 46149 | B11: Donnerstag | M11: =COUNTIF(C11:L11,"Büro")
A12: 46150 | B12: Freitag | M12: =COUNTIF(C12:L12,"Büro")
A13: 46151 | B13: Samstag | M13: =COUNTIF(C13:L13,"Büro")
A14: 46152 | B14: Sonntag | M14: =COUNTIF(C14:L14,"Büro")
A15: 46153 | B15: Montag | M15: =COUNTIF(C15:L15,"Büro")
A16: 46154 | B16: Dienstag | M16: =COUNTIF(C16:L16,"Büro")
... A35: 46173 | B35: Sonntag | M35: =COUNTIF(C35:L35,"Büro")
B37: Summe Büro | C37: =COUNTIF(C5:C35,"Büro") | D37: =COUNTIF(D5:D35,"Büro") | E37: =COUNTIF(E5:E35,"Büro") | F37: =COUNTIF(F5:F35,"Büro") | G37: =COUNTIF(G5:G35,"Büro") | H37: =COUNTIF(H5:H35,"Büro") | I37: =COUNTIF(I5:I35,"Büro") | J37: =COUNTIF(J5:J35,"Büro") | ... L37: =COUNTIF(L5:L35,"Büro")
B38: Summe Homeoffice | C38: =COUNTIF(C5:C35,"Homeoffice") | D38: =COUNTIF(D5:D35,"Homeoffice") | E38: =COUNTIF(E5:E35,"Homeoffice") | F38: =COUNTIF(F5:F35,"Homeoffice") | G38: =COUNTIF(G5:G35,"Homeoffice") | H38: =COUNTIF(H5:H35,"Homeoffice") | I38: =COUNTIF(I5:I35,"Homeoffice") | J38: =COUNTIF(J5:J35,"Homeoffice") | ... L38: =COUNTIF(L5:L35,"Homeoffice")
B39: Summe Krank | C39: =COUNTIF(C5:C35,"Krank") | D39: =COUNTIF(D5:D35,"Krank") | E39: =COUNTIF(E5:E35,"Krank") | F39: =COUNTIF(F5:F35,"Krank") | G39: =COUNTIF(G5:G35,"Krank") | H39: =COUNTIF(H5:H35,"Krank") | I39: =COUNTIF(I5:I35,"Krank") | J39: =COUNTIF(J5:J35,"Krank") | ... L39: =COUNTIF(L5:L35,"Krank")
B40: Summe Urlaub | C40: =COUNTIF(C5:C35,"Urlaub") | D40: =COUNTIF(D5:D35,"Urlaub") | E40: =COUNTIF(E5:E35,"Urlaub") | F40: =COUNTIF(F5:F35,"Urlaub") | G40: =COUNTIF(G5:G35,"Urlaub") | H40: =COUNTIF(H5:H35,"Urlaub") | I40: =COUNTIF(I5:I35,"Urlaub") | J40: =COUNTIF(J5:J35,"Urlaub") | ... L40: =COUNTIF(L5:L35,"Urlaub")

Sheet Juni 2026
A1: Bürobelegungsplaner 2026 – Juni
A2: Bitte je Tag den Status aus dem Dropdown wählen: Büro | Homeoffice | Krank | Urlaub
A4: Datum | B4: Wochentag | C4: =Jahresübersicht!$A$4 | D4: =Jahresübersicht!$A$5 | E4: =Jahresübersicht!$A$6 | F4: =Jahresübersicht!$A$7 | G4: =Jahresübersicht!$A$8 | H4: =Jahresübersicht!$A$9 | I4: =Jahresübersicht!$A$10 | J4: =Jahresübersicht!$A$11 | K4: =Jahresübersicht!$A$12 | L4: =Jahresübersicht!$A$13 | M4: Im Büro (Anzahl)
A5: 46174 | B5: Montag | M5: =COUNTIF(C5:L5,"Büro")
A6: 46175 | B6: Dienstag | M6: =COUNTIF(C6:L6,"Büro")
A7: 46176 | B7: Mittwoch | M7: =COUNTIF(C7:L7,"Büro")
A8: 46177 | B8: Donnerstag | M8: =COUNTIF(C8:L8,"Büro")
A9: 46178 | B9: Freitag | M9: =COUNTIF(C9:L9,"Büro")
A10: 46179 | B10: Samstag | M10: =COUNTIF(C10:L10,"Büro")
A11: 46180 | B11: Sonntag | M11: =COUNTIF(C11:L11,"Büro")
A12: 46181 | B12: Montag | M12: =COUNTIF(C12:L12,"Büro")
A13: 46182 | B13: Dienstag | M13: =COUNTIF(C13:L13,"Büro")
A14: 46183 | B14: Mittwoch | M14: =COUNTIF(C14:L14,"Büro")
A15: 46184 | B15: Donnerstag | M15: =COUNTIF(C15:L15,"Büro")
A16: 46185 | B16: Freitag | M16: =COUNTIF(C16:L16,"Büro")
... A34: 46203 | B34: Dienstag | M34: =COUNTIF(C34:L34,"Büro")
B36: Summe Büro | C36: =COUNTIF(C5:C34,"Büro") | D36: =COUNTIF(D5:D34,"Büro") | E36: =COUNTIF(E5:E34,"Büro") | F36: =COUNTIF(F5:F34,"Büro") | G36: =COUNTIF(G5:G34,"Büro") | H36: =COUNTIF(H5:H34,"Büro") | I36: =COUNTIF(I5:I34,"Büro") | J36: =COUNTIF(J5:J34,"Büro") | ... L36: =COUNTIF(L5:L34,"Büro")
B37: Summe Homeoffice | C37: =COUNTIF(C5:C34,"Homeoffice") | D37: =COUNTIF(D5:D34,"Homeoffice") | E37: =COUNTIF(E5:E34,"Homeoffice") | F37: =COUNTIF(F5:F34,"Homeoffice") | G37: =COUNTIF(G5:G34,"Homeoffice") | H37: =COUNTIF(H5:H34,"Homeoffice") | I37: =COUNTIF(I5:I34,"Homeoffice") | J37: =COUNTIF(J5:J34,"Homeoffice") | ... L37: =COUNTIF(L5:L34,"Homeoffice")
B38: Summe Krank | C38: =COUNTIF(C5:C34,"Krank") | D38: =COUNTIF(D5:D34,"Krank") | E38: =COUNTIF(E5:E34,"Krank") | F38: =COUNTIF(F5:F34,"Krank") | G38: =COUNTIF(G5:G34,"Krank") | H38: =COUNTIF(H5:H34,"Krank") | I38: =COUNTIF(I5:I34,"Krank") | J38: =COUNTIF(J5:J34,"Krank") | ... L38: =COUNTIF(L5:L34,"Krank")
B39: Summe Urlaub | C39: =COUNTIF(C5:C34,"Urlaub") | D39: =COUNTIF(D5:D34,"Urlaub") | E39: =COUNTIF(E5:E34,"Urlaub") | F39: =COUNTIF(F5:F34,"Urlaub") | G39: =COUNTIF(G5:G34,"Urlaub") | H39: =COUNTIF(H5:H34,"Urlaub") | I39: =COUNTIF(I5:I34,"Urlaub") | J39: =COUNTIF(J5:J34,"Urlaub") | ... L39: =COUNTIF(L5:L34,"Urlaub")

Sheet Juli 2026
A1: Bürobelegungsplaner 2026 – Juli
A2: Bitte je Tag den Status aus dem Dropdown wählen: Büro | Homeoffice | Krank | Urlaub
A4: Datum | B4: Wochentag | C4: =Jahresübersicht!$A$4 | D4: =Jahresübersicht!$A$5 | E4: =Jahresübersicht!$A$6 | F4: =Jahresübersicht!$A$7 | G4: =Jahresübersicht!$A$8 | H4: =Jahresübersicht!$A$9 | I4: =Jahresübersicht!$A$10 | J4: =Jahresübersicht!$A$11 | K4: =Jahresübersicht!$A$12 | L4: =Jahresübersicht!$A$13 | M4: Im Büro (Anzahl)
A5: 46204 | B5: Mittwoch | M5: =COUNTIF(C5:L5,"Büro")
A6: 46205 | B6: Donnerstag | M6: =COUNTIF(C6:L6,"Büro")
A7: 46206 | B7: Freitag | M7: =COUNTIF(C7:L7,"Büro")
A8: 46207 | B8: Samstag | M8: =COUNTIF(C8:L8,"Büro")
A9: 46208 | B9: Sonntag | M9: =COUNTIF(C9:L9,"Büro")
A10: 46209 | B10: Montag | M10: =COUNTIF(C10:L10,"Büro")
A11: 46210 | B11: Dienstag | M11: =COUNTIF(C11:L11,"Büro")
A12: 46211 | B12: Mittwoch | M12: =COUNTIF(C12:L12,"Büro")
A13: 46212 | B13: Donnerstag | M13: =COUNTIF(C13:L13,"Büro")
A14: 46213 | B14: Freitag | M14: =COUNTIF(C14:L14,"Büro")
A15: 46214 | B15: Samstag | M15: =COUNTIF(C15:L15,"Büro")
A16: 46215 | B16: Sonntag | M16: =COUNTIF(C16:L16,"Büro")
... A35: 46234 | B35: Freitag | M35: =COUNTIF(C35:L35,"Büro")
B37: Summe Büro | C37: =COUNTIF(C5:C35,"Büro") | D37: =COUNTIF(D5:D35,"Büro") | E37: =COUNTIF(E5:E35,"Büro") | F37: =COUNTIF(F5:F35,"Büro") | G37: =COUNTIF(G5:G35,"Büro") | H37: =COUNTIF(H5:H35,"Büro") | I37: =COUNTIF(I5:I35,"Büro") | J37: =COUNTIF(J5:J35,"Büro") | ... L37: =COUNTIF(L5:L35,"Büro")
B38: Summe Homeoffice | C38: =COUNTIF(C5:C35,"Homeoffice") | D38: =COUNTIF(D5:D35,"Homeoffice") | E38: =COUNTIF(E5:E35,"Homeoffice") | F38: =COUNTIF(F5:F35,"Homeoffice") | G38: =COUNTIF(G5:G35,"Homeoffice") | H38: =COUNTIF(H5:H35,"Homeoffice") | I38: =COUNTIF(I5:I35,"Homeoffice") | J38: =COUNTIF(J5:J35,"Homeoffice") | ... L38: =COUNTIF(L5:L35,"Homeoffice")
B39: Summe Krank | C39: =COUNTIF(C5:C35,"Krank") | D39: =COUNTIF(D5:D35,"Krank") | E39: =COUNTIF(E5:E35,"Krank") | F39: =COUNTIF(F5:F35,"Krank") | G39: =COUNTIF(G5:G35,"Krank") | H39: =COUNTIF(H5:H35,"Krank") | I39: =COUNTIF(I5:I35,"Krank") | J39: =COUNTIF(J5:J35,"Krank") | ... L39: =COUNTIF(L5:L35,"Krank")
B40: Summe Urlaub | C40: =COUNTIF(C5:C35,"Urlaub") | D40: =COUNTIF(D5:D35,"Urlaub") | E40: =COUNTIF(E5:E35,"Urlaub") | F40: =COUNTIF(F5:F35,"Urlaub") | G40: =COUNTIF(G5:G35,"Urlaub") | H40: =COUNTIF(H5:H35,"Urlaub") | I40: =COUNTIF(I5:I35,"Urlaub") | J40: =COUNTIF(J5:J35,"Urlaub") | ... L40: =COUNTIF(L5:L35,"Urlaub")

Sheet August 2026
A1: Bürobelegungsplaner 2026 – August
A2: Bitte je Tag den Status aus dem Dropdown wählen: Büro | Homeoffice | Krank | Urlaub
A4: Datum | B4: Wochentag | C4: =Jahresübersicht!$A$4 | D4: =Jahresübersicht!$A$5 | E4: =Jahresübersicht!$A$6 | F4: =Jahresübersicht!$A$7 | G4: =Jahresübersicht!$A$8 | H4: =Jahresübersicht!$A$9 | I4: =Jahresübersicht!$A$10 | J4: =Jahresübersicht!$A$11 | K4: =Jahresübersicht!$A$12 | L4: =Jahresübersicht!$A$13 | M4: Im Büro (Anzahl)
A5: 46235 | B5: Samstag | M5: =COUNTIF(C5:L5,"Büro")
A6: 46236 | B6: Sonntag | M6: =COUNTIF(C6:L6,"Büro")
A7: 46237 | B7: Montag | M7: =COUNTIF(C7:L7,"Büro")
A8: 46238 | B8: Dienstag | M8: =COUNTIF(C8:L8,"Büro")
A9: 46239 | B9: Mittwoch | M9: =COUNTIF(C9:L9,"Büro")
A10: 46240 | B10: Donnerstag | M10: =COUNTIF(C10:L10,"Büro")
A11: 46241 | B11: Freitag | M11: =COUNTIF(C11:L11,"Büro")
A12: 46242 | B12: Samstag | M12: =COUNTIF(C12:L12,"Büro")
A13: 46243 | B13: Sonntag | M13: =COUNTIF(C13:L13,"Büro")
A14: 46244 | B14: Montag | M14: =COUNTIF(C14:L14,"Büro")
A15: 46245 | B15: Dienstag | M15: =COUNTIF(C15:L15,"Büro")
A16: 46246 | B16: Mittwoch | M16: =COUNTIF(C16:L16,"Büro")
... A35: 46265 | B35: Montag | M35: =COUNTIF(C35:L35,"Büro")
B37: Summe Büro | C37: =COUNTIF(C5:C35,"Büro") | D37: =COUNTIF(D5:D35,"Büro") | E37: =COUNTIF(E5:E35,"Büro") | F37: =COUNTIF(F5:F35,"Büro") | G37: =COUNTIF(G5:G35,"Büro") | H37: =COUNTIF(H5:H35,"Büro") | I37: =COUNTIF(I5:I35,"Büro") | J37: =COUNTIF(J5:J35,"Büro") | ... L37: =COUNTIF(L5:L35,"Büro")
B38: Summe Homeoffice | C38: =COUNTIF(C5:C35,"Homeoffice") | D38: =COUNTIF(D5:D35,"Homeoffice") | E38: =COUNTIF(E5:E35,"Homeoffice") | F38: =COUNTIF(F5:F35,"Homeoffice") | G38: =COUNTIF(G5:G35,"Homeoffice") | H38: =COUNTIF(H5:H35,"Homeoffice") | I38: =COUNTIF(I5:I35,"Homeoffice") | J38: =COUNTIF(J5:J35,"Homeoffice") | ... L38: =COUNTIF(L5:L35,"Homeoffice")
B39: Summe Krank | C39: =COUNTIF(C5:C35,"Krank") | D39: =COUNTIF(D5:D35,"Krank") | E39: =COUNTIF(E5:E35,"Krank") | F39: =COUNTIF(F5:F35,"Krank") | G39: =COUNTIF(G5:G35,"Krank") | H39: =COUNTIF(H5:H35,"Krank") | I39: =COUNTIF(I5:I35,"Krank") | J39: =COUNTIF(J5:J35,"Krank") | ... L39: =COUNTIF(L5:L35,"Krank")
B40: Summe Urlaub | C40: =COUNTIF(C5:C35,"Urlaub") | D40: =COUNTIF(D5:D35,"Urlaub") | E40: =COUNTIF(E5:E35,"Urlaub") | F40: =COUNTIF(F5:F35,"Urlaub") | G40: =COUNTIF(G5:G35,"Urlaub") | H40: =COUNTIF(H5:H35,"Urlaub") | I40: =COUNTIF(I5:I35,"Urlaub") | J40: =COUNTIF(J5:J35,"Urlaub") | ... L40: =COUNTIF(L5:L35,"Urlaub")

Sheet September 2026
A1: Bürobelegungsplaner 2026 – September
A2: Bitte je Tag den Status aus dem Dropdown wählen: Büro | Homeoffice | Krank | Urlaub
A4: Datum | B4: Wochentag | C4: =Jahresübersicht!$A$4 | D4: =Jahresübersicht!$A$5 | E4: =Jahresübersicht!$A$6 | F4: =Jahresübersicht!$A$7 | G4: =Jahresübersicht!$A$8 | H4: =Jahresübersicht!$A$9 | I4: =Jahresübersicht!$A$10 | J4: =Jahresübersicht!$A$11 | K4: =Jahresübersicht!$A$12 | L4: =Jahresübersicht!$A$13 | M4: Im Büro (Anzahl)
A5: 46266 | B5: Dienstag | M5: =COUNTIF(C5:L5,"Büro")
A6: 46267 | B6: Mittwoch | M6: =COUNTIF(C6:L6,"Büro")
A7: 46268 | B7: Donnerstag | M7: =COUNTIF(C7:L7,"Büro")
A8: 46269 | B8: Freitag | M8: =COUNTIF(C8:L8,"Büro")
A9: 46270 | B9: Samstag | M9: =COUNTIF(C9:L9,"Büro")
A10: 46271 | B10: Sonntag | M10: =COUNTIF(C10:L10,"Büro")
A11: 46272 | B11: Montag | M11: =COUNTIF(C11:L11,"Büro")
A12: 46273 | B12: Dienstag | M12: =COUNTIF(C12:L12,"Büro")
A13: 46274 | B13: Mittwoch | M13: =COUNTIF(C13:L13,"Büro")
A14: 46275 | B14: Donnerstag | M14: =COUNTIF(C14:L14,"Büro")
A15: 46276 | B15: Freitag | M15: =COUNTIF(C15:L15,"Büro")
A16: 46277 | B16: Samstag | M16: =COUNTIF(C16:L16,"Büro")
... A34: 46295 | B34: Mittwoch | M34: =COUNTIF(C34:L34,"Büro")
B36: Summe Büro | C36: =COUNTIF(C5:C34,"Büro") | D36: =COUNTIF(D5:D34,"Büro") | E36: =COUNTIF(E5:E34,"Büro") | F36: =COUNTIF(F5:F34,"Büro") | G36: =COUNTIF(G5:G34,"Büro") | H36: =COUNTIF(H5:H34,"Büro") | I36: =COUNTIF(I5:I34,"Büro") | J36: =COUNTIF(J5:J34,"Büro") | ... L36: =COUNTIF(L5:L34,"Büro")
B37: Summe Homeoffice | C37: =COUNTIF(C5:C34,"Homeoffice") | D37: =COUNTIF(D5:D34,"Homeoffice") | E37: =COUNTIF(E5:E34,"Homeoffice") | F37: =COUNTIF(F5:F34,"Homeoffice") | G37: =COUNTIF(G5:G34,"Homeoffice") | H37: =COUNTIF(H5:H34,"Homeoffice") | I37: =COUNTIF(I5:I34,"Homeoffice") | J37: =COUNTIF(J5:J34,"Homeoffice") | ... L37: =COUNTIF(L5:L34,"Homeoffice")
B38: Summe Krank | C38: =COUNTIF(C5:C34,"Krank") | D38: =COUNTIF(D5:D34,"Krank") | E38: =COUNTIF(E5:E34,"Krank") | F38: =COUNTIF(F5:F34,"Krank") | G38: =COUNTIF(G5:G34,"Krank") | H38: =COUNTIF(H5:H34,"Krank") | I38: =COUNTIF(I5:I34,"Krank") | J38: =COUNTIF(J5:J34,"Krank") | ... L38: =COUNTIF(L5:L34,"Krank")
B39: Summe Urlaub | C39: =COUNTIF(C5:C34,"Urlaub") | D39: =COUNTIF(D5:D34,"Urlaub") | E39: =COUNTIF(E5:E34,"Urlaub") | F39: =COUNTIF(F5:F34,"Urlaub") | G39: =COUNTIF(G5:G34,"Urlaub") | H39: =COUNTIF(H5:H34,"Urlaub") | I39: =COUNTIF(I5:I34,"Urlaub") | J39: =COUNTIF(J5:J34,"Urlaub") | ... L39: =COUNTIF(L5:L34,"Urlaub")

Sheet Oktober 2026
A1: Bürobelegungsplaner 2026 – Oktober
A2: Bitte je Tag den Status aus dem Dropdown wählen: Büro | Homeoffice | Krank | Urlaub
A4: Datum | B4: Wochentag | C4: =Jahresübersicht!$A$4 | D4: =Jahresübersicht!$A$5 | E4: =Jahresübersicht!$A$6 | F4: =Jahresübersicht!$A$7 | G4: =Jahresübersicht!$A$8 | H4: =Jahresübersicht!$A$9 | I4: =Jahresübersicht!$A$10 | J4: =Jahresübersicht!$A$11 | K4: =Jahresübersicht!$A$12 | L4: =Jahresübersicht!$A$13 | M4: Im Büro (Anzahl)
A5: 46296 | B5: Donnerstag | M5: =COUNTIF(C5:L5,"Büro")
A6: 46297 | B6: Freitag | M6: =COUNTIF(C6:L6,"Büro")
A7: 46298 | B7: Samstag · Tag der Deutschen Einheit | M7: =COUNTIF(C7:L7,"Büro")
A8: 46299 | B8: Sonntag | M8: =COUNTIF(C8:L8,"Büro")
A9: 46300 | B9: Montag | M9: =COUNTIF(C9:L9,"Büro")
A10: 46301 | B10: Dienstag | M10: =COUNTIF(C10:L10,"Büro")
A11: 46302 | B11: Mittwoch | M11: =COUNTIF(C11:L11,"Büro")
A12: 46303 | B12: Donnerstag | M12: =COUNTIF(C12:L12,"Büro")
A13: 46304 | B13: Freitag | M13: =COUNTIF(C13:L13,"Büro")
A14: 46305 | B14: Samstag | M14: =COUNTIF(C14:L14,"Büro")
A15: 46306 | B15: Sonntag | M15: =COUNTIF(C15:L15,"Büro")
A16: 46307 | B16: Montag | M16: =COUNTIF(C16:L16,"Büro")
... A35: 46326 | B35: Samstag | M35: =COUNTIF(C35:L35,"Büro")
B37: Summe Büro | C37: =COUNTIF(C5:C35,"Büro") | D37: =COUNTIF(D5:D35,"Büro") | E37: =COUNTIF(E5:E35,"Büro") | F37: =COUNTIF(F5:F35,"Büro") | G37: =COUNTIF(G5:G35,"Büro") | H37: =COUNTIF(H5:H35,"Büro") | I37: =COUNTIF(I5:I35,"Büro") | J37: =COUNTIF(J5:J35,"Büro") | ... L37: =COUNTIF(L5:L35,"Büro")
B38: Summe Homeoffice | C38: =COUNTIF(C5:C35,"Homeoffice") | D38: =COUNTIF(D5:D35,"Homeoffice") | E38: =COUNTIF(E5:E35,"Homeoffice") | F38: =COUNTIF(F5:F35,"Homeoffice") | G38: =COUNTIF(G5:G35,"Homeoffice") | H38: =COUNTIF(H5:H35,"Homeoffice") | I38: =COUNTIF(I5:I35,"Homeoffice") | J38: =COUNTIF(J5:J35,"Homeoffice") | ... L38: =COUNTIF(L5:L35,"Homeoffice")
B39: Summe Krank | C39: =COUNTIF(C5:C35,"Krank") | D39: =COUNTIF(D5:D35,"Krank") | E39: =COUNTIF(E5:E35,"Krank") | F39: =COUNTIF(F5:F35,"Krank") | G39: =COUNTIF(G5:G35,"Krank") | H39: =COUNTIF(H5:H35,"Krank") | I39: =COUNTIF(I5:I35,"Krank") | J39: =COUNTIF(J5:J35,"Krank") | ... L39: =COUNTIF(L5:L35,"Krank")
B40: Summe Urlaub | C40: =COUNTIF(C5:C35,"Urlaub") | D40: =COUNTIF(D5:D35,"Urlaub") | E40: =COUNTIF(E5:E35,"Urlaub") | F40: =COUNTIF(F5:F35,"Urlaub") | G40: =COUNTIF(G5:G35,"Urlaub") | H40: =COUNTIF(H5:H35,"Urlaub") | I40: =COUNTIF(I5:I35,"Urlaub") | J40: =COUNTIF(J5:J35,"Urlaub") | ... L40: =COUNTIF(L5:L35,"Urlaub")

Sheet November 2026
A1: Bürobelegungsplaner 2026 – November
A2: Bitte je Tag den Status aus dem Dropdown wählen: Büro | Homeoffice | Krank | Urlaub
A4: Datum | B4: Wochentag | C4: =Jahresübersicht!$A$4 | D4: =Jahresübersicht!$A$5 | E4: =Jahresübersicht!$A$6 | F4: =Jahresübersicht!$A$7 | G4: =Jahresübersicht!$A$8 | H4: =Jahresübersicht!$A$9 | I4: =Jahresübersicht!$A$10 | J4: =Jahresübersicht!$A$11 | K4: =Jahresübersicht!$A$12 | L4: =Jahresübersicht!$A$13 | M4: Im Büro (Anzahl)
A5: 46327 | B5: Sonntag | M5: =COUNTIF(C5:L5,"Büro")
A6: 46328 | B6: Montag | M6: =COUNTIF(C6:L6,"Büro")
A7: 46329 | B7: Dienstag | M7: =COUNTIF(C7:L7,"Büro")
A8: 46330 | B8: Mittwoch | M8: =COUNTIF(C8:L8,"Büro")
A9: 46331 | B9: Donnerstag | M9: =COUNTIF(C9:L9,"Büro")
A10: 46332 | B10: Freitag | M10: =COUNTIF(C10:L10,"Büro")
A11: 46333 | B11: Samstag | M11: =COUNTIF(C11:L11,"Büro")
A12: 46334 | B12: Sonntag | M12: =COUNTIF(C12:L12,"Büro")
A13: 46335 | B13: Montag | M13: =COUNTIF(C13:L13,"Büro")
A14: 46336 | B14: Dienstag | M14: =COUNTIF(C14:L14,"Büro")
A15: 46337 | B15: Mittwoch | M15: =COUNTIF(C15:L15,"Büro")
A16: 46338 | B16: Donnerstag | M16: =COUNTIF(C16:L16,"Büro")
... A34: 46356 | B34: Montag | M34: =COUNTIF(C34:L34,"Büro")
B36: Summe Büro | C36: =COUNTIF(C5:C34,"Büro") | D36: =COUNTIF(D5:D34,"Büro") | E36: =COUNTIF(E5:E34,"Büro") | F36: =COUNTIF(F5:F34,"Büro") | G36: =COUNTIF(G5:G34,"Büro") | H36: =COUNTIF(H5:H34,"Büro") | I36: =COUNTIF(I5:I34,"Büro") | J36: =COUNTIF(J5:J34,"Büro") | ... L36: =COUNTIF(L5:L34,"Büro")
B37: Summe Homeoffice | C37: =COUNTIF(C5:C34,"Homeoffice") | D37: =COUNTIF(D5:D34,"Homeoffice") | E37: =COUNTIF(E5:E34,"Homeoffice") | F37: =COUNTIF(F5:F34,"Homeoffice") | G37: =COUNTIF(G5:G34,"Homeoffice") | H37: =COUNTIF(H5:H34,"Homeoffice") | I37: =COUNTIF(I5:I34,"Homeoffice") | J37: =COUNTIF(J5:J34,"Homeoffice") | ... L37: =COUNTIF(L5:L34,"Homeoffice")
B38: Summe Krank | C38: =COUNTIF(C5:C34,"Krank") | D38: =COUNTIF(D5:D34,"Krank") | E38: =COUNTIF(E5:E34,"Krank") | F38: =COUNTIF(F5:F34,"Krank") | G38: =COUNTIF(G5:G34,"Krank") | H38: =COUNTIF(H5:H34,"Krank") | I38: =COUNTIF(I5:I34,"Krank") | J38: =COUNTIF(J5:J34,"Krank") | ... L38: =COUNTIF(L5:L34,"Krank")
B39: Summe Urlaub | C39: =COUNTIF(C5:C34,"Urlaub") | D39: =COUNTIF(D5:D34,"Urlaub") | E39: =COUNTIF(E5:E34,"Urlaub") | F39: =COUNTIF(F5:F34,"Urlaub") | G39: =COUNTIF(G5:G34,"Urlaub") | H39: =COUNTIF(H5:H34,"Urlaub") | I39: =COUNTIF(I5:I34,"Urlaub") | J39: =COUNTIF(J5:J34,"Urlaub") | ... L39: =COUNTIF(L5:L34,"Urlaub")

Sheet Dezember 2026
A1: Bürobelegungsplaner 2026 – Dezember
A2: Bitte je Tag den Status aus dem Dropdown wählen: Büro | Homeoffice | Krank | Urlaub
A4: Datum | B4: Wochentag | C4: =Jahresübersicht!$A$4 | D4: =Jahresübersicht!$A$5 | E4: =Jahresübersicht!$A$6 | F4: =Jahresübersicht!$A$7 | G4: =Jahresübersicht!$A$8 | H4: =Jahresübersicht!$A$9 | I4: =Jahresübersicht!$A$10 | J4: =Jahresübersicht!$A$11 | K4: =Jahresübersicht!$A$12 | L4: =Jahresübersicht!$A$13 | M4: Im Büro (Anzahl)
A5: 46357 | B5: Dienstag | M5: =COUNTIF(C5:L5,"Büro")
A6: 46358 | B6: Mittwoch | M6: =COUNTIF(C6:L6,"Büro")
A7: 46359 | B7: Donnerstag | M7: =COUNTIF(C7:L7,"Büro")
A8: 46360 | B8: Freitag | M8: =COUNTIF(C8:L8,"Büro")
A9: 46361 | B9: Samstag | M9: =COUNTIF(C9:L9,"Büro")
A10: 46362 | B10: Sonntag | M10: =COUNTIF(C10:L10,"Büro")
A11: 46363 | B11: Montag | M11: =COUNTIF(C11:L11,"Büro")
A12: 46364 | B12: Dienstag | M12: =COUNTIF(C12:L12,"Büro")
A13: 46365 | B13: Mittwoch | M13: =COUNTIF(C13:L13,"Büro")
A14: 46366 | B14: Donnerstag | M14: =COUNTIF(C14:L14,"Büro")
A15: 46367 | B15: Freitag | M15: =COUNTIF(C15:L15,"Büro")
A16: 46368 | B16: Samstag | M16: =COUNTIF(C16:L16,"Büro")
... A35: 46387 | B35: Donnerstag | M35: =COUNTIF(C35:L35,"Büro")
B37: Summe Büro | C37: =COUNTIF(C5:C35,"Büro") | D37: =COUNTIF(D5:D35,"Büro") | E37: =COUNTIF(E5:E35,"Büro") | F37: =COUNTIF(F5:F35,"Büro") | G37: =COUNTIF(G5:G35,"Büro") | H37: =COUNTIF(H5:H35,"Büro") | I37: =COUNTIF(I5:I35,"Büro") | J37: =COUNTIF(J5:J35,"Büro") | ... L37: =COUNTIF(L5:L35,"Büro")
B38: Summe Homeoffice | C38: =COUNTIF(C5:C35,"Homeoffice") | D38: =COUNTIF(D5:D35,"Homeoffice") | E38: =COUNTIF(E5:E35,"Homeoffice") | F38: =COUNTIF(F5:F35,"Homeoffice") | G38: =COUNTIF(G5:G35,"Homeoffice") | H38: =COUNTIF(H5:H35,"Homeoffice") | I38: =COUNTIF(I5:I35,"Homeoffice") | J38: =COUNTIF(J5:J35,"Homeoffice") | ... L38: =COUNTIF(L5:L35,"Homeoffice")
B39: Summe Krank | C39: =COUNTIF(C5:C35,"Krank") | D39: =COUNTIF(D5:D35,"Krank") | E39: =COUNTIF(E5:E35,"Krank") | F39: =COUNTIF(F5:F35,"Krank") | G39: =COUNTIF(G5:G35,"Krank") | H39: =COUNTIF(H5:H35,"Krank") | I39: =COUNTIF(I5:I35,"Krank") | J39: =COUNTIF(J5:J35,"Krank") | ... L39: =COUNTIF(L5:L35,"Krank")
B40: Summe Urlaub | C40: =COUNTIF(C5:C35,"Urlaub") | D40: =COUNTIF(D5:D35,"Urlaub") | E40: =COUNTIF(E5:E35,"Urlaub") | F40: =COUNTIF(F5:F35,"Urlaub") | G40: =COUNTIF(G5:G35,"Urlaub") | H40: =COUNTIF(H5:H35,"Urlaub") | I40: =COUNTIF(I5:I35,"Urlaub") | J40: =COUNTIF(J5:J35,"Urlaub") | ... L40: =COUNTIF(L5:L35,"Urlaub")
